Workbook

Sheet README
A1: Online Travel Agency Vietnam — Geo Experiment Analysis Workbook
A3: THE SCENARIO
A4: An OTA currently spends $10,000 per week on Google Display ads in each of several Vietnamese cities. The Vietnam Country Manager wants to know whether increasing display spend by 50% (to $15,000/week) in those cities will generate enough incremental bookings to justify the extra spend.
A6: THE EXPERIMENT DESIGN
A7: • 8 mid-sized Vietnamese cities, matched into 4 pairs based on size and historical booking patterns
A8: • Within each pair, one city is randomly assigned to TREATMENT (gets 50% spend increase), other to CONTROL (no change)
A9: • Pre-period: 4 weeks of observation BEFORE the intervention (to verify parallel trends)
A10: • Test period: 6 weeks of observation AFTER the intervention
A11: • Primary metric: incremental bookings per week
A12: • Analysis method: Difference-in-Differences (DiD)
A14: WORKBOOK STRUCTURE
A15: Tab | B15: What it contains
A16: 01_Setup | B16: City list, group assignments (treatment/control), pair structure, and global parameters (spend, booking value, commission rate)
A17: 02_Bookings | B17: Raw weekly bookings data for all 8 cities across all 10 weeks (4 pre + 6 test)
A18: 03_Spend | B18: Weekly ad spend for all 8 cities across all 10 weeks
A19: 04_Analysis | B19: The Difference-in-Differences calculation. This is where we compute the answer.
A20: 05_Sanity_Check | B20: Verifies parallel trends in the pre-period (the foundation of DiD validity)
A22: EXERCISE DONE
A23: 1. Check parallel trends — do treatment and control move together during the 4-week pre-period? (Tab 05)
A24: 2. Compute average weekly bookings for treatment and control, separately for pre-period and test period. (Tab 04)
A25: 3. Calculate the change (test avg − pre avg) for each group.
A26: 4. Compute the Difference-in-Differences: (treatment change) − (control change) = incremental bookings/week.
A27: 5. Compute the incremental cost per booking: incremental spend ÷ incremental bookings.
A28: 6. Compute the incremental ROAS using commission revenue (booking value × commission rate).
A29: 7. Compare our incremental ROAS to a typical platform-attributed ROAS — what's the takeaway?
A30: 8. What caveats would I flag when presenting this to the Country Manager?

Sheet 01_Setup
A3: City Assignments
A4: Pair | B4: City | C4: Group | D4: Region | E4: Pre-period weekly baseline (bookings)
A5: 1 | B5: Da Nang | C5: Treatment | D5: Central Coast | E5: 3200
A6: 1 | B6: Hai Phong | C6: Control | D6: Northern Coast | E6: 3400
A7: 2 | B7: Can Tho | C7: Treatment | D7: Mekong Delta | E7: 3000
A8: 2 | B8: Nha Trang | C8: Control | D8: Southern Coast | E8: 3100
A9: 3 | B9: Hue | C9: Treatment | D9: Central | E9: 2800
A10: 3 | B10: Vung Tau | C10: Control | D10: Southern Coast | E10: 3000
A11: 4 | B11: Quy Nhon | C11: Treatment | D11: Central Coast | E11: 2800
A12: 4 | B12: Buon Ma Thuot | C12: Control | D12: Central Highlands | E12: 2900
A15: Global Parameters
A16: Parameter | B16: Value | C16: Notes
A17: Control weekly spend per city ($) | B17: 10000 | C17: The baseline display spend in each city
A18: Treatment weekly spend per city ($) | B18: 15000 | C18: The +50% spend in treatment cities during test period
A19: Number of treatment cities | B19: 4
A20: Number of control cities | B20: 4
A21: Pre-period weeks | B21: 4 | C21: Weeks of observation before intervention
A22: Test period weeks | B22: 6 | C22: Weeks of observation after intervention
A23: Average booking value ($) | B23: 120 | C23: Average hotel night price in Vietnam
A24: Commission rate (%) | B24: 0.15 | C24: Agoda commission as % of booking value
A25: Revenue per booking ($) | B25: =B23*B24 -> 18 | C25: AOV × commission rate

Sheet 02_Bookings
A1: Weekly Bookings Data
A2: Weeks -4 to -1 = pre-period (no change). Weeks 1 to 6 = test period (treatment got +50% spend).
A4: City | B4: Group | C4: Week | D4: Period | E4: Bookings
A5: Da Nang | B5: Treatment | C5: -4 | D5: Pre | E5: 3183
A6: Da Nang | B6: Treatment | C6: -3 | D6: Pre | E6: 3192
A7: Da Nang | B7: Treatment | C7: -2 | D7: Pre | E7: 3189
A8: Da Nang | B8: Treatment | C8: -1 | D8: Pre | E8: 3213
A9: Da Nang | B9: Treatment | C9: 1 | D9: Test | E9: 3491
A10: Da Nang | B10: Treatment | C10: 2 | D10: Test | E10: 3539
A11: Da Nang | B11: Treatment | C11: 3 | D11: Test | E11: 3548
A12: Da Nang | B12: Treatment | C12: 4 | D12: Test | E12: 3658
A13: Da Nang | B13: Treatment | C13: 5 | D13: Test | E13: 3658
A14: Da Nang | B14: Treatment | C14: 6 | D14: Test | E14: 3779
A15: Hai Phong | B15: Control | C15: -4 | D15: Pre | E15: 3356
A16: Hai Phong | B16: Control | C16: -3 | D16: Pre | E16: 3385
... A84: Buon Ma Thuot | B84: Control | C84: 6 | D84: Test | E84: 3230

Sheet 03_Spend
A1: Weekly Ad Spend Data
A2: All cities spend $10,000/week during pre-period. Treatment cities switch to $15,000/week in test period; control cities stay at $10,000.
A4: City | B4: Group | C4: Week | D4: Period | E4: Spend ($)
A5: Da Nang | B5: Treatment | C5: -4 | D5: Pre | E5: 10000
A6: Da Nang | B6: Treatment | C6: -3 | D6: Pre | E6: 10000
A7: Da Nang | B7: Treatment | C7: -2 | D7: Pre | E7: 10000
A8: Da Nang | B8: Treatment | C8: -1 | D8: Pre | E8: 10000
A9: Da Nang | B9: Treatment | C9: 1 | D9: Test | E9: 15000
A10: Da Nang | B10: Treatment | C10: 2 | D10: Test | E10: 15000
A11: Da Nang | B11: Treatment | C11: 3 | D11: Test | E11: 15000
A12: Da Nang | B12: Treatment | C12: 4 | D12: Test | E12: 15000
A13: Da Nang | B13: Treatment | C13: 5 | D13: Test | E13: 15000
A14: Da Nang | B14: Treatment | C14: 6 | D14: Test | E14: 15000
A15: Hai Phong | B15: Control | C15: -4 | D15: Pre | E15: 10000
A16: Hai Phong | B16: Control | C16: -3 | D16: Pre | E16: 10000
... A84: Buon Ma Thuot | B84: Control | C84: 6 | D84: Test | E84: 10000

Sheet 04_Analysis
A1: Difference-in-Differences Analysis
A2: DiD calculation step by step. Yellow cells are computed via formulas.
A4: Step 1 — Total bookings per week, by group
A5: Week | B5: Period | C5: Treatment total bookings | D5: Control total bookings
A6: -4 | B6: Pre | C6: =SUMIFS('02_Bookings'!E:E,'02_Bookings'!C:C,A6,'02_Bookings'!B:B,"Treatment") -> 11854 | D6: =SUMIFS('02_Bookings'!E:E,'02_Bookings'!C:C,A6,'02_Bookings'!B:B,"Control") -> 12374
A7: -3 | B7: Pre | C7: =SUMIFS('02_Bookings'!E:E,'02_Bookings'!C:C,A7,'02_Bookings'!B:B,"Treatment") -> 11788 | D7: =SUMIFS('02_Bookings'!E:E,'02_Bookings'!C:C,A7,'02_Bookings'!B:B,"Control") -> 12429
A8: -2 | B8: Pre | C8: =SUMIFS('02_Bookings'!E:E,'02_Bookings'!C:C,A8,'02_Bookings'!B:B,"Treatment") -> 11793 | D8: =SUMIFS('02_Bookings'!E:E,'02_Bookings'!C:C,A8,'02_Bookings'!B:B,"Control") -> 12304
A9: -1 | B9: Pre | C9: =SUMIFS('02_Bookings'!E:E,'02_Bookings'!C:C,A9,'02_Bookings'!B:B,"Treatment") -> 11965 | D9: =SUMIFS('02_Bookings'!E:E,'02_Bookings'!C:C,A9,'02_Bookings'!B:B,"Control") -> 12669
A10: 1 | B10: Test | C10: =SUMIFS('02_Bookings'!E:E,'02_Bookings'!C:C,A10,'02_Bookings'!B:B,"Treatment") -> 12819 | D10: =SUMIFS('02_Bookings'!E:E,'02_Bookings'!C:C,A10,'02_Bookings'!B:B,"Control") -> 12877
A11: 2 | B11: Test | C11: =SUMIFS('02_Bookings'!E:E,'02_Bookings'!C:C,A11,'02_Bookings'!B:B,"Treatment") -> 13053 | D11: =SUMIFS('02_Bookings'!E:E,'02_Bookings'!C:C,A11,'02_Bookings'!B:B,"Control") -> 13069
A12: 3 | B12: Test | C12: =SUMIFS('02_Bookings'!E:E,'02_Bookings'!C:C,A12,'02_Bookings'!B:B,"Treatment") -> 13211 | D12: =SUMIFS('02_Bookings'!E:E,'02_Bookings'!C:C,A12,'02_Bookings'!B:B,"Control") -> 13247
A13: 4 | B13: Test | C13: =SUMIFS('02_Bookings'!E:E,'02_Bookings'!C:C,A13,'02_Bookings'!B:B,"Treatment") -> 13585 | D13: =SUMIFS('02_Bookings'!E:E,'02_Bookings'!C:C,A13,'02_Bookings'!B:B,"Control") -> 13523
A14: 5 | B14: Test | C14: =SUMIFS('02_Bookings'!E:E,'02_Bookings'!C:C,A14,'02_Bookings'!B:B,"Treatment") -> 13596 | D14: =SUMIFS('02_Bookings'!E:E,'02_Bookings'!C:C,A14,'02_Bookings'!B:B,"Control") -> 13551
A15: 6 | B15: Test | C15: =SUMIFS('02_Bookings'!E:E,'02_Bookings'!C:C,A15,'02_Bookings'!B:B,"Treatment") -> 13956 | D15: =SUMIFS('02_Bookings'!E:E,'02_Bookings'!C:C,A15,'02_Bookings'!B:B,"Control") -> 13826
A17: Step 2 — Average weekly bookings, by group and period
B18: Treatment avg | C18: Control avg
A19: Pre-period average (weeks -4 to -1) | B19: =AVERAGEIFS(C6:C15,B6:B15,"Pre") -> 11850 | C19: =AVERAGEIFS(D6:D15,B6:B15,"Pre") -> 12444
A20: Test period average (weeks 1 to 6) | B20: =AVERAGEIFS(C6:C15,B6:B15,"Test") -> 13370 | C20: =AVERAGEIFS(D6:D15,B6:B15,"Test") -> 13348.833
A22: Step 3 — Change in average bookings (test avg − pre avg)
B23: Treatment change | C23: Control change
A24: Change in weekly bookings | B24: =B20-B19 -> 1520 | C24: =C20-C19 -> 904.83333
A26: Step 4 — Difference-in-Differences = incremental bookings per week
A27: DiD = (Treatment change) − (Control change). This isolates the effect of the ad spend increase from market-wide forces.
A28: Incremental bookings per week (DiD) | B28: =B24-C24 -> 615.16667
A30: Step 5 — Translate to money (incremental CPA and ROAS)
A31: Incremental spend per week ($) | B31: ='01_Setup'!B18*'01_Setup'!B19 - '01_Setup'!B17*'01_Setup'!B19 -> 20000 | D31: Extra spend in treatment = (treatment $/city − control $/city) × # treatment cities
A32: Incremental cost per booking ($) | B32: =B31/B28 -> 32.511514 | D32: Incremental spend ÷ incremental bookings
A33: Revenue per booking ($) | B33: ='01_Setup'!B25 -> 18 | D33: From Setup tab (AOV × commission)
A34: Incremental commission revenue per week ($) | B34: =B28*B33 -> 11073 | D34: Incremental bookings × revenue per booking
A35: Incremental ROAS | B35: =B34/B31 -> 0.55365 | D35: Incremental revenue ÷ incremental spend. >1 means profitable on commission.
A37: Step 6 — What to recommend
A38: If incremental ROAS > 1.0x: the extra spend at least covers itself on commission. If it clears the hurdle rate (often 1.5–2.0x to account for non-commission costs), I would recommend scaling. Then consider a follow-up test at a larger increase (+100%) to find where incremental ROAS drops below the threshold.

Sheet 05_Sanity_Check
A1: Parallel Trends Sanity Check
A2: DiD is only valid if treatment and control moved together during the pre-period. If their week-over-week changes diverge before the intervention, the control is not a good counterfactual.
A4: Week | B4: Treatment total | C4: Control total | D4: Treatment WoW % change | E4: Control WoW % change
A5: -4 | B5: =SUMIFS('02_Bookings'!E:E,'02_Bookings'!C:C,A5,'02_Bookings'!B:B,"Treatment") -> 11854 | C5: =SUMIFS('02_Bookings'!E:E,'02_Bookings'!C:C,A5,'02_Bookings'!B:B,"Control") -> 12374
A6: -3 | B6: =SUMIFS('02_Bookings'!E:E,'02_Bookings'!C:C,A6,'02_Bookings'!B:B,"Treatment") -> 11788 | C6: =SUMIFS('02_Bookings'!E:E,'02_Bookings'!C:C,A6,'02_Bookings'!B:B,"Control") -> 12429 | D6: =B6/B5-1 -> -0.0055677408 | E6: =C6/C5-1 -> 0.0044448036
A7: -2 | B7: =SUMIFS('02_Bookings'!E:E,'02_Bookings'!C:C,A7,'02_Bookings'!B:B,"Treatment") -> 11793 | C7: =SUMIFS('02_Bookings'!E:E,'02_Bookings'!C:C,A7,'02_Bookings'!B:B,"Control") -> 12304 | D7: =B7/B6-1 -> 0.00042416016 | E7: =C7/C6-1 -> -0.010057124
A8: -1 | B8: =SUMIFS('02_Bookings'!E:E,'02_Bookings'!C:C,A8,'02_Bookings'!B:B,"Treatment") -> 11965 | C8: =SUMIFS('02_Bookings'!E:E,'02_Bookings'!C:C,A8,'02_Bookings'!B:B,"Control") -> 12669 | D8: =B8/B7-1 -> 0.014584923 | E8: =C8/C7-1 -> 0.02966515
A11: Pre-period averages
A12: Treatment pre avg | B12: =AVERAGE(B5:B8) -> 11850
A13: Control pre avg | B13: =AVERAGE(C5:C8) -> 12444
A14: Avg WoW % — Treatment | B14: =AVERAGE(D6:D8) -> 0.0031471142
A15: Avg WoW % — Control | B15: =AVERAGE(E6:E8) -> 0.0080176096
A16: Difference (Treatment − Control) | B16: =B14-B15 -> -0.0048704954
A18: Interpretation guide
A19: If "Difference (Treatment − Control)" in average week-over-week % change is small (well under 1%), parallel trends holds and DiD is trustworthy. If it is large or persistent in one direction, the assumption is shaky and we should re-match cities or reconsider the test.
